<keymap version="1" name="Mac OS X copy" parent="Mac OS X">
  <action id="ActivateTerminalToolWindow">
    <keyboard-shortcut first-keystroke="alt f12" />
    <keyboard-shortcut first-keystroke="shift meta 0" />
  </action>
  <action id="CloseContent">
    <keyboard-shortcut first-keystroke="meta f4" />
    <keyboard-shortcut first-keystroke="ctrl w" />
  </action>
  <action id="CloseProject">
    <keyboard-shortcut first-keystroke="ctrl q" />
  </action>
  <action id="CommentByLineComment">
    <keyboard-shortcut first-keystroke="meta divide" />
    <keyboard-shortcut first-keystroke="meta alt 7" />
  </action>
  <action id="Compile">
    <keyboard-shortcut first-keystroke="shift meta f9" />
    <keyboard-shortcut first-keystroke="ctrl meta alt m" />
  </action>
  <action id="CompileDirty">
    <keyboard-shortcut first-keystroke="meta f9" />
    <keyboard-shortcut first-keystroke="ctrl meta m" />
  </action>
  <action id="Console.TableResult.AddRow">
    <keyboard-shortcut first-keystroke="ctrl n" />
  </action>
  <action id="ConvertJavaToKotlin" />
  <action id="EditSource">
    <keyboard-shortcut first-keystroke="f4" />
    <keyboard-shortcut first-keystroke="meta down" />
  </action>
  <action id="EditorCloneCaretAbove">
    <keyboard-shortcut first-keystroke="ctrl meta alt up" />
  </action>
  <action id="EditorCloneCaretBelow">
    <keyboard-shortcut first-keystroke="ctrl meta alt down" />
  </action>
  <action id="EditorPageDown">
    <keyboard-shortcut first-keystroke="page_down" />
    <keyboard-shortcut first-keystroke="alt down" />
  </action>
  <action id="EditorPageUp">
    <keyboard-shortcut first-keystroke="page_up" />
    <keyboard-shortcut first-keystroke="alt up" />
  </action>
  <action id="EditorScrollDown" />
  <action id="EditorScrollToCenter">
    <keyboard-shortcut first-keystroke="ctrl enter" />
  </action>
  <action id="EditorScrollUp" />
  <action id="ExpandAllRegions">
    <keyboard-shortcut first-keystroke="shift meta add" />
  </action>
  <action id="ExpandRegion">
    <keyboard-shortcut first-keystroke="meta add" />
    <keyboard-shortcut first-keystroke="meta equals" />
    <keyboard-shortcut first-keystroke="meta back_slash" />
  </action>
  <action id="FileStructurePopup">
    <keyboard-shortcut first-keystroke="meta f12" />
    <keyboard-shortcut first-keystroke="shift meta o" />
  </action>
  <action id="FindUsages">
    <keyboard-shortcut first-keystroke="alt f7" />
    <keyboard-shortcut first-keystroke="ctrl alt g" />
  </action>
  <action id="Generate">
    <keyboard-shortcut first-keystroke="ctrl n" />
  </action>
  <action id="Git.Branches">
    <keyboard-shortcut first-keystroke="shift meta b" />
  </action>
  <action id="Git.Merge">
    <keyboard-shortcut first-keystroke="shift meta alt b" />
  </action>
  <action id="HippieCompletion">
    <keyboard-shortcut first-keystroke="alt slash" />
    <keyboard-shortcut first-keystroke="shift meta space" />
  </action>
  <action id="NewElement">
    <keyboard-shortcut first-keystroke="ctrl n" />
  </action>
  <action id="Refactorings.QuickListPopupAction">
    <keyboard-shortcut first-keystroke="shift meta alt t" />
    <keyboard-shortcut first-keystroke="shift meta r" />
  </action>
  <action id="ReformatWithPrettierAction">
    <keyboard-shortcut first-keystroke="shift meta p" />
  </action>
  <action id="RenameElement">
    <keyboard-shortcut first-keystroke="shift f6" />
    <keyboard-shortcut first-keystroke="meta alt r" />
  </action>
  <action id="RerunTests" />
  <action id="RunAnything">
    <keyboard-shortcut first-keystroke="shift alt r" />
  </action>
  <action id="RunClass">
    <keyboard-shortcut first-keystroke="shift ctrl f10" />
    <keyboard-shortcut first-keystroke="ctrl meta r" />
  </action>
  <action id="ShowNavBar">
    <keyboard-shortcut first-keystroke="alt home" />
    <keyboard-shortcut first-keystroke="meta up" />
  </action>
  <action id="SwitchApply">
    <keyboard-shortcut first-keystroke="ctrl alt enter" />
  </action>
  <action id="SwitchDown">
    <keyboard-shortcut first-keystroke="ctrl alt down" />
  </action>
  <action id="SwitchLeft">
    <keyboard-shortcut first-keystroke="ctrl alt left" />
  </action>
  <action id="SwitchRight">
    <keyboard-shortcut first-keystroke="ctrl alt right" />
  </action>
  <action id="SwitchUp">
    <keyboard-shortcut first-keystroke="ctrl alt up" />
  </action>
  <action id="Upsource.CreateOrShowDiscussion">
    <keyboard-shortcut first-keystroke="ctrl alt minus" />
  </action>
</keymap>