<code_scheme name="TBs Code Formatting">
  <option name="LINE_SEPARATOR" value="&#10;" />
  <option name="CLASS_COUNT_TO_USE_IMPORT_ON_DEMAND" value="99" />
  <option name="NAMES_COUNT_TO_USE_IMPORT_ON_DEMAND" value="99" />
  <option name="PACKAGES_TO_USE_IMPORT_ON_DEMAND">
    <value>
      <package name="java.awt" withSubpackages="false" static="false" />
      <package name="org.hamcrest.CoreMatchers" withSubpackages="true" static="true" />
      <package name="org.junit.Assert" withSubpackages="true" static="true" />
      <package name="javax.swing" withSubpackages="false" static="false" />
    </value>
  </option>
  <option name="IMPORT_LAYOUT_TABLE">
    <value>
      <package name="" withSubpackages="true" static="true" />
      <emptyLine />
      <package name="java" withSubpackages="true" static="false" />
      <emptyLine />
      <package name="javax" withSubpackages="true" static="false" />
      <emptyLine />
      <package name="org" withSubpackages="true" static="false" />
      <emptyLine />
      <package name="com" withSubpackages="true" static="false" />
      <emptyLine />
      <package name="" withSubpackages="true" static="false" />
    </value>
  </option>
  <option name="RIGHT_MARGIN" value="150" />
  <option name="FORMATTER_TAGS_ENABLED" value="true" />
  <JSCodeStyleSettings>
    <option name="FORCE_SEMICOLON_STYLE" value="true" />
    <option name="USE_DOUBLE_QUOTES" value="false" />
    <option name="FORCE_QUOTE_STYlE" value="true" />
    <option name="ENFORCE_TRAILING_COMMA" value="WhenMultiline" />
    <option name="USE_CHAINED_CALLS_GROUP_INDENTS" value="true" />
  </JSCodeStyleSettings>
  <ScalaCodeStyleSettings>
    <option name="alwaysUsedImports">
      <array>
        <option value="DefaultJsonProtocol._" />
        <option value="JsonProtocols._" />
        <option value="io.coderose.passtool.models.JsonProtocols._" />
        <option value="spray.json.DefaultJsonProtocol._" />
      </array>
    </option>
  </ScalaCodeStyleSettings>
  <TypeScriptCodeStyleSettings>
    <option name="USE_DOUBLE_QUOTES" value="false" />
  </TypeScriptCodeStyleSettings>
  <XML>
    <option name="XML_LEGACY_SETTINGS_IMPORTED" value="true" />
  </XML>
  <codeStyleSettings language="CoffeeScript">
    <indentOptions>
      <option name="INDENT_SIZE" value="4" />
      <option name="CONTINUATION_INDENT_SIZE" value="4" />
      <option name="TAB_SIZE" value="4" />
    </indentOptions>
  </codeStyleSettings>
  <codeStyleSettings language="JAVA">
    <option name="SPACE_WITHIN_ARRAY_INITIALIZER_BRACES" value="true" />
  </codeStyleSettings>
  <codeStyleSettings language="LESS">
    <indentOptions>
      <option name="INDENT_SIZE" value="4" />
    </indentOptions>
  </codeStyleSettings>
</code_scheme>