<application>
  <component name="libraryTable">
    <library name="Python 3.7 (pi-pingpong) interpreter library">
      <CLASSES>
        <root url="file:///usr/local/Cellar/python/3.7.1/Frameworks/Python.framework/Versions/3.7/lib/python3.7" />
        <root url="file:///usr/local/Cellar/python/3.7.1/Frameworks/Python.framework/Versions/3.7/lib/python3.7/lib-dynload" />
        <root url="file://$USER_HOME$/.local/share/virtualenvs/pi-pingpong/lib/python3.7/site-packages" />
        <root url="jar://$USER_HOME$/.local/share/virtualenvs/pi-pingpong/lib/python3.7/site-packages/setuptools-39.1.0-py3.7.egg!/" />
        <root url="file://$USER_HOME$/.local/share/virtualenvs/pi-pingpong/lib/python3.7/site-packages/pip-10.0.1-py3.7.egg" />
        <root url="file://$USER_HOME$/Library/Caches/IntelliJIdea2018.3/python_stubs/1564535194" />
        <root url="file://$APPLICATION_PLUGINS_DIR$/python/helpers/python-skeletons" />
        <root url="file://$APPLICATION_PLUGINS_DIR$/python/helpers/typeshed/stdlib/3" />
        <root url="file://$APPLICATION_PLUGINS_DIR$/python/helpers/typeshed/stdlib/2and3" />
        <root url="file://$APPLICATION_PLUGINS_DIR$/python/helpers/typeshed/third_party/3" />
        <root url="file://$APPLICATION_PLUGINS_DIR$/python/helpers/typeshed/third_party/2and3" />
      </CLASSES>
      <JAVADOC />
      <SOURCES>
        <root url="file:///usr/local/Cellar/python/3.7.1/Frameworks/Python.framework/Versions/3.7/lib/python3.7" />
        <root url="file:///usr/local/Cellar/python/3.7.1/Frameworks/Python.framework/Versions/3.7/lib/python3.7/lib-dynload" />
        <root url="file://$USER_HOME$/.local/share/virtualenvs/pi-pingpong/lib/python3.7/site-packages" />
        <root url="jar://$USER_HOME$/.local/share/virtualenvs/pi-pingpong/lib/python3.7/site-packages/setuptools-39.1.0-py3.7.egg!/" />
        <root url="file://$USER_HOME$/.local/share/virtualenvs/pi-pingpong/lib/python3.7/site-packages/pip-10.0.1-py3.7.egg" />
        <root url="file://$USER_HOME$/Library/Caches/IntelliJIdea2018.3/python_stubs/1564535194" />
        <root url="file://$APPLICATION_PLUGINS_DIR$/python/helpers/python-skeletons" />
        <root url="file://$APPLICATION_PLUGINS_DIR$/python/helpers/typeshed/stdlib/3" />
        <root url="file://$APPLICATION_PLUGINS_DIR$/python/helpers/typeshed/stdlib/2and3" />
        <root url="file://$APPLICATION_PLUGINS_DIR$/python/helpers/typeshed/third_party/3" />
        <root url="file://$APPLICATION_PLUGINS_DIR$/python/helpers/typeshed/third_party/2and3" />
      </SOURCES>
    </library>
    <library name="sass-stdlib">
      <CLASSES />
      <JAVADOC />
      <SOURCES />
    </library>
  </component>
</application>