<application>
  <component name="DebuggerSettings">
    <option name="RUN_HOTSWAP_AFTER_COMPILE" value="RunHotswapAlways" />
  </component>
  <component name="NodeRendererSettings">
    <Renderer ID="ClassRenderer">
      <option name="SHOW_FQ_TYPE_NAMES" value="true" />
    </Renderer>
  </component>
  <component name="XDebuggerSettings">
    <data-views />
    <general />
    <debuggers>
      <debugger id="javascript">
        <configuration>
          <custom-object-presentation />
        </configuration>
      </debugger>
    </debuggers>
  </component>
</application>