<application>
  <component name="CodeInsightSettings">
    <option name="PARAMETER_INFO_DELAY" value="500" />
    <option name="COMPLETION_CASE_SENSITIVE" value="2" />
    <EXCLUDED_PACKAGE NAME="com.google.common.base.Optional" />
    <EXCLUDED_PACKAGE NAME="com.google.common.base.Predicates" />
    <EXCLUDED_PACKAGE NAME="com.google.gdata.util.common.base.Preconditions" />
    <EXCLUDED_PACKAGE NAME="com.google.inject" />
    <EXCLUDED_PACKAGE NAME="com.sun" />
    <EXCLUDED_PACKAGE NAME="de.unkrig" />
    <EXCLUDED_PACKAGE NAME="org.hamcrest.core" />
    <EXCLUDED_PACKAGE NAME="org.omg.CORBA" />
  </component>
  <component name="DefaultFont">
    <option name="FONT_SIZE" value="12" />
    <option name="LINE_SPACING" value="1.3" />
    <option name="USE_LIGATURES" value="true" />
  </component>
  <component name="EditorSettings">
    <option name="USE_SOFT_WRAPS" value="MAIN_EDITOR:PREVIEW" />
    <option name="STRIP_TRAILING_SPACES" value="Whole" />
    <option name="IS_ENSURE_NEWLINE_AT_EOF" value="true" />
    <option name="IS_CAMEL_WORDS" value="true" />
    <option name="ADDITIONAL_PAGE_AT_BOTTOM" value="true" />
  </component>
</application>