<application>
  <component name="CodeInsightSettings">
    <option name="PARAMETER_INFO_DELAY" value="500" />
    <option name="COMPLETION_CASE_SENSITIVE" value="2" />
    <EXCLUDED_PACKAGE NAME="com.google.common.base.Optional" />
    <EXCLUDED_PACKAGE NAME="com.google.common.base.Predicates" />
    <EXCLUDED_PACKAGE NAME="com.google.gdata.util.common.base.Preconditions" />
    <EXCLUDED_PACKAGE NAME="com.google.inject" />
    <EXCLUDED_PACKAGE NAME="com.sun" />
    <EXCLUDED_PACKAGE NAME="de.unkrig" />
    <EXCLUDED_PACKAGE NAME="org.hamcrest.core" />
    <EXCLUDED_PACKAGE NAME="org.omg.CORBA" />
  </component>
</application>