<application>
  <component name="FileTypeManager" version="17">
    <ignoreFiles list="*.hprof;*.orig;*.pyc;*.pyo;*.rbc;*~;.DS_Store;.git;.hg;.svn;CVS;RCS;SCCS;__pycache__;_svn;rcs;" />
    <extensionMap>
      <mapping pattern="suspendable-supers" type="PLAIN_TEXT" />
      <mapping pattern="Procfile" type="PLAIN_TEXT" />
      <mapping pattern=".npmignore" type="PLAIN_TEXT" />
      <mapping pattern=".bootstraprc" type="PLAIN_TEXT" />
      <mapping pattern=".htaccess_old" type="PLAIN_TEXT" />
      <mapping pattern="deContiTiresCplaceReportPortfolioAnalysisSecond" type="PLAIN_TEXT" />
      <mapping pattern="etc-default" type="PLAIN_TEXT" />
      <mapping pattern="suspendables" type="PLAIN_TEXT" />
      <mapping pattern=".htaccess.bak" type="PLAIN_TEXT" />
      <mapping ext="eot" type="PLAIN_TEXT" />
      <mapping ext="in" type="PLAIN_TEXT" />
      <mapping ext="php~" type="PLAIN_TEXT" />
      <mapping ext="config" type="PLAIN_TEXT" />
    </extensionMap>
  </component>
</application>