<application>
  <component name="LanguageInjectionConfiguration">
    <injection language="HTML" injector-id="java">
      <display-name>CustomValueVisitorWithResult.visit (cf.cplace.platform.assets.custom)</display-name>
      <place><![CDATA[psiMethod().withName("visit").withParameters("cf.cplace.platform.assets.custom.DateValue").definedInClass("cf.cplace.platform.assets.custom.CustomValueVisitorWithResult")]]></place>
    </injection>
    <injection language="RegExp" injector-id="java">
      <display-name>RegexValidator.RegexValidator (org.apache.commons.validator.routines)</display-name>
      <place><![CDATA[psiParameter().ofMethod(0, psiMethod().withName("RegexValidator").withParameters("java.lang.String").definedInClass("org.apache.commons.validator.routines.RegexValidator"))]]></place>
    </injection>
  </component>
</application>