<application>
  <component name="ProjectManager">
    <defaultProject>
      <component name="CheckStyle-IDEA">
        <option name="configuration">
          <map>
            <entry key="checkstyle-version" value="8.8" />
            <entry key="copy-libs" value="false" />
            <entry key="location-0" value="BUNDLED:(bundled):Sun Checks" />
            <entry key="location-1" value="BUNDLED:(bundled):Google Checks" />
            <entry key="scan-before-checkin" value="false" />
            <entry key="scanscope" value="JavaOnly" />
            <entry key="suppress-errors" value="false" />
          </map>
        </option>
      </component>
      <component name="CheckStyle-IDEA-workspace">
        <option name="configuration">
          <map>
            <entry key="last-active-plugin-version" value="5.18.6" />
          </map>
        </option>
      </component>
      <component name="CompilerConfiguration">
        <option name="DEFAULT_COMPILER" />
        <wildcardResourcePatterns>
          <entry name="!?*.java" />
          <entry name="!?*.form" />
          <entry name="!?*.class" />
          <entry name="!?*.groovy" />
          <entry name="!?*.scala" />
          <entry name="!?*.flex" />
          <entry name="!?*.kt" />
          <entry name="!?*.clj" />
        </wildcardResourcePatterns>
      </component>
      <component name="Encoding" addBOMForNewFiles="with NO BOM">
        <file url="PROJECT" charset="UTF-8" />
      </component>
      <component name="NodePackageJsonFileManager">
        <packageJsonPaths />
      </component>
      <component name="PhpWorkspaceProjectConfiguration" backward_compatibility_performed="true" />
      <component name="ProjectRootManager" version="2" languageLevel="JDK_1_6" />
      <component name="PropertiesComponent">
        <property name="GoToClass.includeLibraries" value="false" />
        <property name="GoToClass.toSaveIncludeLibraries" value="false" />
        <property name="GoToFile.includeJavaFiles" value="false" />
        <property name="MemberChooser.copyJavadoc" value="false" />
        <property name="MemberChooser.showClasses" value="true" />
        <property name="MemberChooser.sorted" value="false" />
        <property name="nodejs_interpreter_path.stuck_in_default_project" value="/usr/local/bin/node" />
        <property name="nodejs_npm_path_reset_for_default_project" value="true" />
        <property name="options.lastSelected" value="android.dex.compiler" />
        <property name="options.searchVisible" value="true" />
        <property name="options.splitter.details.proportions" value="0.2" />
        <property name="options.splitter.main.proportions" value="0.3" />
        <property name="settings.editor.selected.configurable" value="preferences.lookFeel" />
      </component>
      <component name="RunManager">
        <configuration default="true" type="Applet" factoryName="Applet">
          <module />
          <option name="WIDTH" value="400" />
          <option name="HEIGHT" value="300" />
          <option name="POLICY_FILE" value="$APPLICATION_HOME_DIR$/bin/appletviewer.policy" />
        </configuration>
        <configuration default="true" type="Application" factoryName="Application">
          <extension name="coverage" enabled="false" merge="false" sample_coverage="true" runner="idea" />
          <option name="MAIN_CLASS_NAME" />
          <option name="VM_PARAMETERS" />
          <option name="PROGRAM_PARAMETERS" />
          <option name="WORKING_DIRECTORY" value="$PROJECT_DIR$" />
          <option name="ALTERNATIVE_JRE_PATH_ENABLED" value="false" />
          <option name="ALTERNATIVE_JRE_PATH" />
          <option name="ENABLE_SWING_INSPECTOR" value="false" />
          <option name="ENV_VARIABLES" />
          <option name="PASS_PARENT_ENVS" value="true" />
          <module name="" />
          <envs />
        </configuration>
        <configuration default="true" type="JUnit" factoryName="JUnit">
          <extension name="coverage" enabled="false" merge="false" sample_coverage="true" runner="idea" />
          <module name="" />
          <option name="ALTERNATIVE_JRE_PATH_ENABLED" value="false" />
          <option name="ALTERNATIVE_JRE_PATH" />
          <option name="PACKAGE_NAME" />
          <option name="MAIN_CLASS_NAME" />
          <option name="METHOD_NAME" />
          <option name="TEST_OBJECT" value="class" />
          <option name="VM_PARAMETERS" value="-ea" />
          <option name="PARAMETERS" />
          <option name="WORKING_DIRECTORY" value="$PROJECT_DIR$" />
          <option name="ENV_VARIABLES" />
          <option name="PASS_PARENT_ENVS" value="true" />
          <option name="TEST_SEARCH_SCOPE">
            <value defaultName="moduleWithDependencies" />
          </option>
          <envs />
          <patterns />
        </configuration>
        <configuration default="true" type="Remote" factoryName="Remote">
          <option name="USE_SOCKET_TRANSPORT" value="true" />
          <option name="SERVER_MODE" value="false" />
          <option name="SHMEM_ADDRESS" value="javadebug" />
          <option name="HOST" value="localhost" />
          <option name="PORT" value="5005" />
        </configuration>
        <configuration default="true" type="TestNG" factoryName="TestNG">
          <extension name="coverage" enabled="false" merge="false" sample_coverage="true" runner="idea" />
          <module name="" />
          <option name="ALTERNATIVE_JRE_PATH_ENABLED" value="false" />
          <option name="ALTERNATIVE_JRE_PATH" />
          <option name="SUITE_NAME" />
          <option name="PACKAGE_NAME" />
          <option name="MAIN_CLASS_NAME" />
          <option name="METHOD_NAME" />
          <option name="GROUP_NAME" />
          <option name="TEST_OBJECT" value="CLASS" />
          <option name="VM_PARAMETERS" value="-ea" />
          <option name="PARAMETERS" />
          <option name="WORKING_DIRECTORY" value="$PROJECT_DIR$" />
          <option name="OUTPUT_DIRECTORY" />
          <option name="ANNOTATION_TYPE" />
          <option name="ENV_VARIABLES" />
          <option name="PASS_PARENT_ENVS" value="true" />
          <option name="TEST_SEARCH_SCOPE">
            <value defaultName="moduleWithDependencies" />
          </option>
          <option name="USE_DEFAULT_REPORTERS" value="false" />
          <option name="PROPERTIES_FILE" />
          <envs />
          <properties />
          <listeners />
        </configuration>
        <configuration name="&lt;template&gt;" type="WebApp" default="true" selected="false">
          <Host>localhost</Host>
          <Port>5050</Port>
        </configuration>
        <configuration name="&lt;template&gt;" type="#org.jetbrains.idea.devkit.run.PluginConfigurationType" default="true" selected="false">
          <option name="VM_PARAMETERS" value="-Xmx512m -Xms256m -XX:MaxPermSize=250m -ea" />
        </configuration>
      </component>
      <component name="VcsContentAnnotationSettings">
        <option name="myLimit" value="2678400000" />
      </component>
      <component name="VcsManagerConfiguration">
        <option name="myTodoPanelSettings">
          <TodoPanelSettings />
        </option>
      </component>
      <component name="hg4idea.settings">
        <option name="CHECK_INCOMING_OUTGOING" value="false" />
      </component>
      <component name="masterDetails">
        <states>
          <state key="ProjectJDKs.UI">
            <settings>
              <last-edited>1.7</last-edited>
              <splitter-proportions>
                <option name="proportions">
                  <list>
                    <option value="0.2" />
                  </list>
                </option>
              </splitter-proportions>
            </settings>
          </state>
        </states>
      </component>
    </defaultProject>
  </component>
</application>