<application>
  <component name="UpdatesConfigurable">
    <ignoredBuildNumbers>
      <item value="143.1820" />
      <item value="172.3968.16" />
    </ignoredBuildNumbers>
    <option name="LAST_BUILD_CHECKED" value="IU-183.6156.11" />
    <option name="LAST_TIME_CHECKED" value="1561129869957" />
    <pluginHosts>
      <item value="https://plugins.jetbrains.com/plugins/alpha/7431" />
    </pluginHosts>
    <option name="THIRD_PARTY_PLUGINS_ALLOWED" value="true" />
    <option name="UPDATE_CHANNEL_TYPE" value="eap" />
  </component>
</application>